{
  "focusedMean": [
    0.16126671518598285,
    0.4988125566925321,
    0.3622047139065606,
    0.15429157103810992,
    0.08468895426818303,
    -0.00013736831086654482,
    -0.05535247059805053,
    -0.0066493400505610875,
    -0.0010934389063290187,
    -0.001184425183704921
  ],
  "distractedMean": [
    0.11142555726201911,
    0.5716421648859977,
    0.30910537666396093,
    0.1427633092591637,
    0.09623031576997355,
    0.03285337580907109,
    -0.04688366063331303,
    -0.01266945835791136,
    -0.001418431260083851,
    -0.0018614955638584338
  ],
  "focusedCount": 70,
  "distractedCount": 190,
  "builtAt": "2026-03-10T13:12:21.279Z",
  "centroidDist": 0.10986742975944999
}